TÀI SẢN,ThisYear,LastYear,Chênh lệch,Phần trăm
Tài sản ngắn hạn,840.641,2190.725,-1350.084,-61.627
Tài sản dài hạn,447.431,457.568,-10.137,-2.215
Tổng cộng tài sản,1288.072,2648.2929999999997,-1360.221,-51.362
Nợ phải trả,848.805,3.776,845.029,22378.946
Tổng cộng nguồn vốn,856.5039999999999,11.932,844.572,22373.343
